{
  "meta": {
    "version": "2026-01-12-50km-scan-config-v1",
    "generated_at": "2026-01-12T20:49:16+01:00",
    "timezone": "Europe/Vienna",
    "rules": {
      "radius_km": 50,
      "min_results_per_term_target": 50,
      "max_results_per_term_cap": 500,
      "never_invent": true,
      "links_only_http_https": true,
      "internal_source_prefix": "INTERNAL:",
      "when_uncertain": "Nicht behaupten. Sage: „Dazu liegt mir keine verifizierte Quelle vor.“"
    },
    "notes": [
      "Diese Datei ist eine Scan-Konfiguration + Keyword-Liste.",
      "Der beiliegende Scanner (overpass/osm) erzeugt verifizierbare items[] mit OSM-URLs (http/https) und Koordinaten (WGS84).",
      "Der Scan kann je Keyword keine 50 Treffer garantieren (abhängig von OSM-Datenlage)."
    ]
  },
  "center": {
    "name": "ALPENLODGE (Landl 37, Thiersee)",
    "lat": 47.5884,
    "lon": 12.0336
  },
  "keywords": [
    "Alpenlodge",
    "Anreise",
    "Abreise",
    "Apotheke",
    "Arzt",
    "Ausflug",
    "Bäckerei",
    "Badesee",
    "Bergbahn",
    "Busfahrplan",
    "Bahnhof",
    "Bikeverleih",
    "Café",
    "Camping",
    "Carsharing",
    "Chillarea",
    "Coworking",
    "Curling",
    "Datenschutz",
    "Drogerie",
    "Dorfzentrum",
    "Disco",
    "Dienstleistungen",
    "Direktbus",
    "E-Ladestation",
    "E-Bike",
    "Einkauf",
    "Erlebnisbad",
    "Eislaufen",
    "Events",
    "Familienprogramm",
    "Fahrradverleih",
    "Fitnessstudio",
    "Feuerwehr",
    "Fischteich",
    "Frühstück",
    "Gästekarte",
    "Gondel",
    "Google Maps",
    "Gasthof",
    "Gletscher",
    "Gourmet",
    "Hallenbad",
    "Hausarzt",
    "Hunde erlaubt",
    "Hütten",
    "Heimatmuseum",
    "Hochseilgarten",
    "Indoor Spielplatz",
    "Infrarotkabine",
    "Infozentrum",
    "Italienisches Restaurant",
    "Imbiss",
    "Internet Störung",
    "Jugendprogramm",
    "Jausenstation",
    "Jahreskarte",
    "Jodelkurs",
    "Joggingstrecke",
    "Kufsteinerland",
    "Kufstein",
    "Kinderarzt",
    "Kindergarten",
    "Kletterhalle",
    "Klettersteig",
    "Kirche",
    "Landl",
    "Langlauf",
    "Lebensmittel",
    "Loipe",
    "Liftkarten",
    "Lawinenlage",
    "Museum",
    "Massage",
    "Mountainbike",
    "Minigolf",
    "Maut",
    "Metzgerei",
    "Naturbadesee",
    "Notdienst",
    "Notruf",
    "Nachtrodeln",
    "Nahversorgung",
    "Nordic Walking",
    "Öffnungszeiten",
    "Ortsplan",
    "Outdoor Spielplatz",
    "OGV Tourismus",
    "Obstladen",
    "Parkplatz",
    "Polizei",
    "Post",
    "Pferdekutsche",
    "Pizzeria",
    "Pumptrack",
    "Qualitätssiegel",
    "QR Code",
    "Quartier",
    "Quellwasser",
    "Rodelbahn",
    "Restaurant",
    "Reitstall",
    "RegioBus",
    "Rundwanderweg",
    "Rettung",
    "Skigebiet",
    "Skipass",
    "Skischule",
    "Skiverleih",
    "Schneelage",
    "Sauna",
    "Supermarkt",
    "Thiersee",
    "Taxi",
    "Tourismusverband",
    "Therme",
    "Tischreservierung",
    "Trail Map",
    "Unterkunft",
    "Unfallarzt",
    "Urlaub mit Hund",
    "Umweltzone",
    "Uferweg",
    "Veranstaltung",
    "Verleih",
    "Verkehr",
    "Versicherung",
    "Vogelpark",
    "Vulkanland (Testkeyword)",
    "Wandern",
    "Winterwandern",
    "Wellness",
    "Wetter",
    "Webcams",
    "Wochenmarkt",
    "Wasserfall",
    "X-Trail",
    "X-Alps (Event)",
    "X-Mas Markt (Weihnachtsmarkt)",
    "Yoga",
    "Youth Camp",
    "Ybbstal (Testkeyword)",
    "Zahnarzt",
    "Zugverbindung",
    "Zoo",
    "Zustiegspunkt",
    "Zirmweg",
    "Zimmerpreise",
    "Kinderspielzimmer",
    "Spielplatz",
    "Brötchenservice",
    "Snackautomat",
    "Solarium",
    "Skitour",
    "Schneeschuh",
    "Eisklettern",
    "Routenplaner",
    "Parken kostenlos",
    "Parken gebührenpflichtig",
    "Wochenprogramm",
    "Ferienprogramm",
    "Kinderbetreuung",
    "Babysitter",
    "Schlechtwetterprogramm",
    "Ausrüstung mieten",
    "Skibus",
    "Nightliner",
    "Kino",
    "Bowling",
    "Escape Room",
    "Thermenwelt",
    "Schwimmbad",
    "Badewelt",
    "Bikepark",
    "MTB Trail",
    "Kletterpark",
    "Schwimmschule",
    "Angelkarte",
    "Bootsverleih",
    "SUP Verleih",
    "Badestelle",
    "Hundewiese",
    "Tierarzt",
    "Tierbedarf",
    "Ladekabel Typ2",
    "Bankomat",
    "Geldautomat",
    "Wechselstube"
  ],
  "osm_categories": [
    {
      "type": "amenity",
      "values": [
        "restaurant",
        "cafe",
        "bar",
        "fast_food",
        "pub"
      ]
    },
    {
      "type": "amenity",
      "values": [
        "pharmacy",
        "doctors",
        "hospital",
        "dentist",
        "clinic",
        "veterinary"
      ]
    },
    {
      "type": "amenity",
      "values": [
        "supermarket",
        "bakery",
        "butcher",
        "marketplace",
        "post_office",
        "bank",
        "atm"
      ]
    },
    {
      "type": "tourism",
      "values": [
        "attraction",
        "museum",
        "information",
        "viewpoint",
        "zoo",
        "theme_park"
      ]
    },
    {
      "type": "leisure",
      "values": [
        "playground",
        "sports_centre",
        "fitness_centre",
        "swimming_pool",
        "spa",
        "sauna",
        "water_park",
        "golf_course",
        "miniature_golf"
      ]
    },
    {
      "type": "natural",
      "values": [
        "water",
        "peak",
        "wood",
        "spring",
        "cave_entrance"
      ]
    },
    {
      "type": "man_made",
      "values": [
        "pier",
        "tower",
        "lighthouse",
        "bridge"
      ]
    },
    {
      "type": "sport",
      "values": [
        "skiing",
        "climbing",
        "swimming",
        "tennis",
        "soccer",
        "ice_skating"
      ]
    },
    {
      "type": "route",
      "values": [
        "hiking",
        "bicycle",
        "mtb",
        "ski"
      ]
    },
    {
      "type": "public_transport",
      "values": [
        "station",
        "stop_position",
        "platform"
      ]
    },
    {
      "type": "shop",
      "values": [
        "bicycle",
        "sports",
        "outdoor",
        "convenience",
        "department_store"
      ]
    }
  ]
}
