{
  "version": "2026-01-11",
  "generated_at": "2026-01-11T21:07:48",
  "center": {
    "name": "Alpenlodge (Landl/Thiersee, Tirol)",
    "lat": 47.586,
    "lon": 12.107
  },
  "policy": {
    "no_inventions": true,
    "rule": "Nenne konkrete Namen/Orte/Angebote nur, wenn sie in dieser Liste stehen oder direkt aus einer verlinkten offiziellen Quelle stammen. Wenn unklar: offen sagen und auf offiziellen Verzeichnis-Link verweisen."
  },
  "directories": [
    {
      "id": "kuf_events",
      "type": "directory",
      "name": "Kufsteinerland – Eventkalender",
      "area": "Kufsteinerland",
      "url": "https://www.kufstein.com/de/kultur/events-tirol/veranstaltungen.html"
    },
    {
      "id": "kuf_gastro",
      "type": "directory",
      "name": "Kufsteinerland – Kulinarik/Gastro",
      "area": "Kufsteinerland",
      "url": "https://www.kufstein.com/de/kulinarik.html"
    },
    {
      "id": "kuf_touren",
      "type": "directory",
      "name": "Kufsteinerland – Tourenportal",
      "area": "Kufsteinerland",
      "url": "https://www.kufstein.com/de/tourenportal.html"
    },
    {
      "id": "kitz_events",
      "type": "directory",
      "name": "Kitzbühel – Events",
      "area": "Kitzbühel",
      "url": "https://www.kitzbuehel.com/en/events/"
    },
    {
      "id": "kaiserwinkl_pools",
      "type": "directory",
      "name": "Kaiserwinkl – Indoor pools & saunas",
      "area": "Kaiserwinkl",
      "url": "https://www.kaiserwinkl.com/en/swimming-tirol/indoor-pools-and-saunas.html"
    }
  ],
  "items": [
    {
      "id": "al_amenities",
      "type": "alpenlodge",
      "name": "Ausstattung Alpenlodge (Überblick)",
      "area": "Landl/Thiersee",
      "url": "https://www.familienparadies-moni.at/de/service-extras",
      "summary": "Indoor-Spielzimmer, Außenspielplatz, Fitnessraum, Infrarotsauna, Solarium, Spielzimmer/Entertainment, Snackautomat, Brötchenservice, Hunde erlaubt, E‑Auto‑Ladestation, KufsteinerlandCard, Naturbadesee Landl ca. 450 m."
    },
    {
      "id": "festung_kufstein",
      "type": "sight",
      "name": "Festung Kufstein",
      "area": "Kufstein",
      "url": "https://www.kufstein.com/de/kultur/sehenswuerdigkeiten/ausflugsziele-ausfluege-tirol.html",
      "summary": "Wahrzeichen mit Konzerten/Events und Blick über die Stadt.",
      "tags": [
        "Kultur",
        "Aussicht"
      ]
    },
    {
      "id": "riedel",
      "type": "sight",
      "name": "Riedel Glas (Glashaus/Manufaktur)",
      "area": "Kufstein",
      "url": "https://www.kufstein.com/de/kultur/sehenswuerdigkeiten/ausflugsziele-ausfluege-tirol.html",
      "summary": "Glasbläser & Manufaktur-Erlebnis (gut bei Schlechtwetter).",
      "tags": [
        "Indoor",
        "Familie",
        "Kultur"
      ]
    },
    {
      "id": "kaisertal",
      "type": "nature",
      "name": "Kaisertal (Naturschutzgebiet)",
      "area": "Kufstein",
      "url": "https://www.kufstein.com/de/kultur/sehenswuerdigkeiten/ausflugsziele-ausfluege-tirol.html",
      "summary": "Wildromantisches Tal, berühmte Wanderung (Sommer/Winter).",
      "tags": [
        "Natur",
        "Wandern"
      ]
    },
    {
      "id": "kuf_card",
      "type": "card",
      "name": "KufsteinerlandCard",
      "area": "Kufsteinerland",
      "url": "https://www.kufstein.com/de/kufsteinerlandcard.html",
      "summary": "Vorteilskarte inkl. Erlebnisprogramm und gratis Bus im Kufsteinerland.",
      "tags": [
        "ÖPNV",
        "Vorteilskarte"
      ]
    },
    {
      "id": "naturbadesee_landl",
      "type": "lake",
      "name": "Naturbadesee Landl",
      "area": "Landl/Thiersee",
      "url": "https://www.kufstein.com/de/landl/info/naturbadesee-landl.html",
      "summary": "Naturbadesee in Landl (Sommer: Baden/Relaxen).",
      "tags": [
        "Sommer",
        "Baden",
        "Familie"
      ]
    },
    {
      "id": "tourenportal",
      "type": "hike",
      "name": "Tourenportal Kufsteinerland",
      "area": "Kufsteinerland",
      "url": "https://www.kufstein.com/de/tourenportal.html",
      "summary": "Offizielles Tourenportal für Bergtouren, Rad, Skitouren, Winterwandern u.v.m.",
      "tags": [
        "Wandern",
        "Winter",
        "MTB"
      ]
    },
    {
      "id": "premium_winter_kaisertal",
      "type": "winter_hike",
      "name": "Premium Winterwanderweg: Winterliches Kaisertal",
      "area": "Kufstein",
      "url": "https://www.kufstein.com/de/tours/premium-winterwanderweg-winterliches-kaisertal.html",
      "summary": "Gut begehbare Winterwanderung durchs Kaisertal bis zur Antoniuskapelle.",
      "tags": [
        "Winterwandern"
      ]
    },
    {
      "id": "skiwelt",
      "type": "ski_area",
      "name": "SkiWelt Wilder Kaiser – Brixental",
      "area": "Region Wilder Kaiser",
      "url": "https://www.skiwelt.at/",
      "summary": "Großes Skigebiet (275 km Pisten laut Betreiber).",
      "tags": [
        "Skigebiet",
        "Groß"
      ]
    },
    {
      "id": "sudelfeld",
      "type": "ski_area",
      "name": "Skiparadies Sudelfeld",
      "area": "Bayrische Alpen",
      "url": "https://www.sudelfeld.de/",
      "summary": "Großes Familienskigebiet in Bayern (Wendelsteinregion).",
      "tags": [
        "Skigebiet",
        "Familie"
      ]
    },
    {
      "id": "hocheck",
      "type": "ski_area",
      "name": "Hocheck Erlebnisberg Oberaudorf (Flutlicht)",
      "area": "Oberaudorf",
      "url": "https://hocheck.com/winter/",
      "summary": "Skigebiet + Winterrodelbahn; Flutlichtbetrieb laut Betreiber.",
      "tags": [
        "Skigebiet",
        "Flutlicht",
        "Rodeln"
      ]
    },
    {
      "id": "zahmer_kaiser_ski",
      "type": "ski_area",
      "name": "Skigebiet Zahmer Kaiser",
      "area": "Walchsee",
      "url": "https://www.tirol.at/aktivitaeten/sport/skifahren/skigebiete/skigebiet-zahmer-kaiser",
      "summary": "Familienfreundliches Skigebiet (Tirol.at).",
      "tags": [
        "Skigebiet",
        "Familie"
      ]
    },
    {
      "id": "tirolina_rental",
      "type": "rental",
      "name": "Tirolina – Aktivberg Thiersee (Skiverleih)",
      "area": "Thiersee",
      "url": "https://www.bergfex.at/tirolina-aktivberg-thiersee/skiverleih/",
      "summary": "Skiverleih-Listing für Tirolina (Thiersee).",
      "tags": [
        "Skiverleih",
        "Snowboard"
      ]
    },
    {
      "id": "kala_alm_rodeln",
      "type": "rental",
      "name": "Rodelbahn Kala Alm (mit Verleih-Hinweisen)",
      "area": "Thiersee",
      "url": "https://www.kufstein.com/de/tours/rodelbahn-kala-alm.html",
      "summary": "Rodelbahn-Tourseite inkl. Infos zu Rodel/Verleih/Preisen (wenn angegeben).",
      "tags": [
        "Rodeln",
        "Schlittenverleih"
      ]
    },
    {
      "id": "minutes",
      "type": "restaurant",
      "name": "Minute's – The.Ristorante",
      "area": "Kufstein",
      "url": "https://www.kufstein.com/en/kufstein/info/minutes-theristorante.html",
      "summary": "Fine Dining abends, tagsüber Bistro (laut Kufsteinerland).",
      "tags": [
        "Fine Dining",
        "Bistro"
      ]
    },
    {
      "id": "auracher",
      "type": "restaurant",
      "name": "Auracher Löchl – Tyrolean inn and wine bar",
      "area": "Kufstein",
      "url": "https://www.kufstein.com/en/kufstein/info/auracher-loechl-tyrolean-inn-and-wine-bar.html",
      "summary": "Historisches Wirtshaus in der Altstadt (laut Kufsteinerland).",
      "tags": [
        "Tirol",
        "Altstadt"
      ]
    },
    {
      "id": "unterwirt",
      "type": "restaurant",
      "name": "UNTERWIRT gourmet restaurant",
      "area": "Ebbs",
      "url": "https://www.kufstein.com/en/ebbs/info/unterwirt-gourmet-restaurant.html",
      "summary": "Gourmet-Restaurant/Hotel (laut Kufsteinerland).",
      "tags": [
        "Gourmet"
      ]
    },
    {
      "id": "dresch",
      "type": "restaurant",
      "name": "Guesthouse & Hotel Dresch",
      "area": "Erl",
      "url": "https://www.kufstein.com/en/erl/info/guesthouse-hotel-dresch.html",
      "summary": "Gasthaus/Hotel (laut Kufsteinerland).",
      "tags": [
        "Regional"
      ]
    },
    {
      "id": "aerzte_apotheken_kuf",
      "type": "health_info",
      "name": "Kufstein – Ärzte & Apotheken (Übersicht)",
      "area": "Kufstein",
      "url": "https://www.kufstein.at/de/service/gesundheit/aerzte-apotheken.html",
      "summary": "Städtische Übersicht/Links zu Ärzten & Apotheken.",
      "tags": [
        "Ärzte",
        "Apotheken"
      ]
    },
    {
      "id": "aerzte_141",
      "type": "health_info",
      "name": "Ärztebereitschaftsdienst Österreich – 141",
      "area": "Österreich",
      "url": "https://www.gesundheit.gv.at/service/gesundheitsnummern/aerztebereitschaftsdienst.html",
      "summary": "Österreichweite Nummer 141 (laut gesundheit.gv.at).",
      "tags": [
        "Notdienst"
      ]
    },
    {
      "id": "aek_tirol",
      "type": "health_info",
      "name": "Ärztekammer Tirol – Bereitschaftsdienst",
      "area": "Tirol",
      "url": "https://www.aektirol.at/service/arzt-im-bereitschaftsdienst",
      "summary": "Informationen zum Bereitschaftsdienst in Tirol (Ärztekammer).",
      "tags": [
        "Notdienst"
      ]
    },
    {
      "id": "innsola",
      "type": "indoor_pool",
      "name": "Indoor pool Innsola",
      "area": "Kiefersfelden",
      "url": "https://www.innsola.de/",
      "summary": "Schwimmbad + Sauna (Betreiberseite).",
      "tags": [
        "Hallenbad",
        "Sauna"
      ]
    },
    {
      "id": "hallo_du_sauna",
      "type": "wellness",
      "name": "Sauna Funarena Hallo Du",
      "area": "Ebbs",
      "url": "https://www.kufstein.at/de/ebbs/info/sauna-funarena-hallo-du.html",
      "summary": "Sauna-Angebot in Ebbs (Kufstein.at Infoseite).",
      "tags": [
        "Sauna"
      ]
    },
    {
      "id": "das_sieben",
      "type": "wellness",
      "name": "DAS SIEBEN (SPA/Pool)",
      "area": "Bad Häring",
      "url": "https://www.das-sieben.com/",
      "summary": "Hotel-SPA mit Innen-/Außenpool (Betreiberseite).",
      "tags": [
        "Wellness",
        "Pool"
      ]
    },
    {
      "id": "winterwandern",
      "type": "winter",
      "name": "Winterwandern im Kufsteinerland (Übersicht)",
      "area": "Kufsteinerland",
      "url": "https://www.kufstein.com/de/aktivitaeten/winter/winterwandern.html",
      "summary": "Übersichtsseite Winterwandern + Erlebnisprogramme.",
      "tags": [
        "Winter"
      ]
    }
  ]
}